"","species","median_begin_time","median_relative_onset_time","scientific_name","common_name","Order","ebird_residuals","q1","q3","trophic_niche","mass","foraging_habit","median_pf","territoriality","mean_vert_strat"
"1","ABFL",06:15:38.5,33.2833333333333,"Muscicapa dauurica","Asian Brown Flycatcher","Passeriformes",0.296210559185943,26.775,53.3833333333333,"Invertivore",9.8,"MID",5953.125,"Weakly territorial",6.11538461538461
"2","AEDO",06:42:00.0,58.9916666666667,"Chalcophaps indica","Asian Emerald Dove","Columbiformes",-0.0617196394937283,42.3791666666667,114.658333333333,"Omnivore",136.5,"GRD",375,"Non-territorial",5.7875
"3","AFBL",06:33:41.0,50.5,"Irena puella","Asian Fairy-bluebird","Passeriformes",0.0325413884959699,29,98.8166666666667,"Frugivore",64.9,"CAN",3000,"Weakly territorial",5.80116959064327
"4","ASDR",06:26:35.0,47.7833333333333,"Dicrurus leucophaeus","Ashy Drongo","Passeriformes",0.160364106750231,34.5,71.4333333333333,"Invertivore",37.6,"CAN",3750,"Highly territorial",5.57627118644068
"5","ASKO",06:33:23.0,56.5,"Eudynamys scolopaceus","Asian Koel","Cuculiformes",0.015561401850498,48.1125,76.8625,"Frugivore",194.9,"MID",1828.125,"Non-territorial",4.5
"6","BAOF",07:01:49.0,77.4166666666667,"Ficedula nigrorufa","Black-and-orange Flycatcher","Passeriformes",0.18540480045237,41.05,111.258333333333,"Invertivore",9.4,"UND",6468.75,"Highly territorial",5.94736842105263
"7","BBFL",06:20:26.0,37.2166666666667,"Muscicapa muttui","Brown-breasted Flycatcher","Passeriformes",0.180022511011362,25.3083333333333,94.7,"Invertivore",12,"UND",8437.5,"Weakly territorial",5.98425196850394
"8","BCFU",06:11:35.0,27.925,"Alcippe poioicephala","Brown-cheeked Fulvetta","Passeriformes",-0.0391318378737662,19.7041666666667,43.875,"Invertivore",20.7,"MID",2812.5,"Highly territorial",6.1986301369863
"9","BNMO",06:30:40.5,48.1583333333333,"Hypothymis azurea","Black-naped Monarch","Passeriformes",0.121783832897012,28.0125,87.7708333333333,"Invertivore",11.1,"MID",3750,"Weakly territorial",6.11538461538461
"10","BRDR",06:30:15.5,62.4166666666667,"Dicrurus aeneus","Bronzed Drongo","Passeriformes",0.18707248337195,38.5833333333333,85.5208333333333,"Invertivore",26,"MID",1875,"Highly territorial",4.83333333333333
"11","BRFL",06:37:18.0,60.7333333333333,"Dinopium benghalense","Black-rumped Flameback","Piciformes",-0.153385294586554,38.5333333333333,81.6333333333333,"Invertivore",100,"MID",2718.75,"Highly territorial",5.46808510638298
"12","BRWA",06:25:58.0,43.4666666666667,"Acrocephalus dumetorum","Blyth's Reed Warbler","Passeriformes",-0.0214994669693342,33.4666666666667,64.9916666666667,"Invertivore",11.2,"UND",5343.75,"Weakly territorial",5.0672268907563
"13","BWFS",07:27:58.0,107.175,"Hemipus picatus","Bar-winged Flycatcher-shrike","Passeriformes",0.0948619243240852,74.275,151.241666666667,"Invertivore",9,"CAN",5625,"Highly territorial",5.82142857142857
"14","CBSU",06:20:32.0,39.45,"Leptocoma minima","Crimson-backed Sunbird","Passeriformes",-0.220437436442614,31.2166666666667,64.3666666666667,"Nectarivore",4.9,"CAN",5906.25,"Weakly territorial",5.74660633484163
"15","CHBE",07:04:28.0,85.9166666666667,"Merops leschenaulti","Chestnut-headed Bee-eater","Coraciiformes",0.178663246304065,56.0875,138.0875,"Invertivore",27.2,"AER",3000,"Non-territorial",5.2887323943662
"16","CHCU",05:32:40.0,9.66666666666667,"Hierococcyx varius","Common Hawk-Cuckoo","Cuculiformes",0.0569934248112376,-9.51666666666667,15.6666666666667,"Invertivore",103,"CAN",1781.25,"Non-territorial",5.37837837837838
"17","COFL",07:12:42.0,102.366666666667,"Dinopium javanense","Common Flameback","Piciformes",-0.361999535343352,51.35,133.3,"Invertivore",72.8,"MID",2906.25,"Highly territorial",6.44
"18","COIO",06:41:54.0,59.6666666666667,"Aegithina tiphia","Common Iora","Passeriformes",-0.0130020873064921,47.5333333333333,133.2,"Invertivore",12,"MID",2531.25,"Weakly territorial",5.18367346938776
"19","CORO",07:12:29.0,91.6166666666667,"Carpodacus erythrinus","Common Rosefinch","Passeriformes",-0.226711249361432,67.1625,156.55,"Granivore",24,"CAN",4359.375,"Weakly territorial",5.30769230769231
"20","COTA",06:38:38.5,62.0833333333333,"Orthotomus sutorius","Common Tailorbird","Passeriformes",-0.0231438223479351,47.1166666666667,115.170833333333,"Invertivore",7.5,"UND",3468.75,"Highly territorial",5.3265306122449
"21","CSEA",07:19:38.5,106.45,"Spilornis cheela","Crested Serpent-Eagle","Accipitriformes",1.25457488959296,44.8916666666667,178.475,"Vertivore",597.7,"GRD",2156.25,"Weakly territorial",5.38709677419355
"22","DFBA",06:53:32.0,70.1416666666667,"Dumetia atriceps","Dark-fronted Babbler","Passeriformes",-0.0606641312606644,51.6791666666667,107.145833333333,"Invertivore",16.3,"UND",3796.875,"Weakly territorial",5.36538461538461
"23","EUHO",06:27:45.0,47.25,"Upupa epops","Eurasian Hoopoe","Bucerotiformes",-0.206994499488912,41.3833333333333,72.1,"Invertivore",66.9,"GRD",562.5,"Weakly territorial",5.09523809523809
"24","FTBU",06:28:05.0,44.7333333333333,"Rubigula gularis","Flame-throated Bulbul","Passeriformes",-0.306740605095012,35.1666666666667,92.9166666666667,"Frugivore",29.3,"MID",2718.75,"Weakly territorial",6.07692307692308
"25","GFGP",07:00:00.0,75.2666666666667,"Treron affinis","Gray-fronted Green-Pigeon","Columbiformes",-0.363265828194812,49.35,119.308333333333,"Frugivore",234,"CAN",1968.75,"Non-territorial",5.18518518518519
"26","GFLE",07:46:57.0,120.933333333333,"Chloropsis aurifrons","Golden-fronted Leafbird","Passeriformes",-0.0536102468704455,112.716666666667,166.033333333333,"Omnivore",32.3,"CAN",4031.25,"Weakly territorial",5.6
"27","GHCF",06:22:11.0,40.4333333333333,"Culicicapa ceylonensis","Gray-headed Canary-Flycatcher","Passeriformes",0.175001217773994,24.7,79.2833333333333,"Invertivore",7.7,"MID",4125,"Weakly territorial",6.56989247311828
"28","GRCO",06:30:10.5,50.1416666666667,"Centropus sinensis","Greater Coucal","Cuculiformes",0.0915342838033201,29.6916666666667,93.8333333333333,"Vertivore",280.7,"UND",375,"Highly territorial",4.97435897435897
"29","GRFL",06:42:09.5,61.575,"Chrysocolaptes guttacristatus","Greater Flameback","Piciformes",-0.180082916184972,42.5916666666667,96.7,"Invertivore",166,"CAN",3093.75,"Highly territorial",5.65243902439024
"30","GRJU",06:08:12.0,28.8666666666667,"Gallus sonneratii","Gray Junglefowl","Galliformes",-0.383063811571674,22.1875,36.1416666666667,"Omnivore",840.8,"GRD",1312.5,"Weakly territorial",5.64830508474576
"31","GRNW",07:00:13.5,74.575,"Phylloscopus nitidus","Green Warbler","Passeriformes",-0.190044220609428,56.4708333333333,108.3875,"Invertivore",7.8,"CAN",5625,"Weakly territorial",5.95138888888889
"32","GRTD",06:05:03.0,23.0166666666667,"Dicrurus paradiseus","Greater Racket-tailed Drongo","Passeriformes",0.0649258920565673,18.5416666666667,42,"Invertivore",85.8,"CAN",1968.75,"Highly territorial",5.68837209302326
"33","GRWA",06:33:24.0,51.0166666666667,"Phylloscopus trochiloides","Greenish Warbler","Passeriformes",-0.0465941122149343,43.6,66.1333333333333,"Invertivore",8.1,"CAN",5718.75,"Weakly territorial",5.74634146341463
"34","HOCR",06:45:02.0,60.1333333333333,"Corvus splendens","House Crow","Passeriformes",-0.0659302008749586,51.6666666666667,103,"Omnivore",292.6,"GRD",1312.5,"Non-territorial",5.52941176470588
"35","HSWO",06:55:01.5,76.975,"Hemicircus canente","Heart-spotted Woodpecker","Piciformes",-0.215783060134521,48.725,125.725,"Invertivore",43,"CAN",4406.25,"Weakly territorial",5.75471698113208
"36","IBRO",06:21:36.0,37.5333333333333,"Larvivora brunnea","Indian Blue Robin","Passeriformes",-0.123874498227017,27.9833333333333,51.1916666666667,"Invertivore",17.5,"UND",5531.25,"Non-territorial",5.76978417266187
"37","INPE",05:57:57.0,34.0333333333333,"Pavo cristatus","Indian Peafowl","Galliformes",-0.436223158813867,13.6916666666667,80.5125,"Omnivore",4154.8,"GRD",1500,"Non-territorial",5.26315789473684
"38","INPI",06:06:02.5,23.6416666666667,"Pitta brachyura","Indian Pitta","Passeriformes",0.181547480946245,19.5791666666667,33.8958333333333,"Invertivore",55.5,"GRD",2718.75,"Weakly territorial",5.08
"39","IPFL",07:20:49.0,97.0666666666667,"Terpsiphone paradisi","Indian Paradise-Flycatcher","Passeriformes",0.107886652726247,65.3166666666667,130.341666666667,"Invertivore",19.2,"MID",4687.5,"Weakly territorial",6.59259259259259
"40","ISBA",06:12:56.5,32.1,"Pomatorhinus horsfieldii","Indian Scimitar-Babbler","Passeriformes",-0.170769325159498,27.7458333333333,36.5833333333333,"Invertivore",43,"UND",937.5,"Highly territorial",5.61061946902655
"41","IWEY",06:03:47.0,22.3833333333333,"Zosterops palpebrosus","Indian White-eye","Passeriformes",-0.162725371067412,18.55,29.8416666666667,"Omnivore",8.6,"MID",3750,"Weakly territorial",5.67659574468085
"42","IYTI",07:01:12.5,80.6083333333333,"Machlolophus aplonotus","Indian Yellow Tit","Passeriformes",-0.120851064022585,51.7666666666667,124.770833333333,"Invertivore",14.8,"CAN",6000,"Weakly territorial",5.73484848484848
"43","LBCR",06:37:55.0,56.675,"Corvus macrorhynchos","Large-billed Crow","Passeriformes",0.0286637706672731,41.1458333333333,85.3208333333333,"Omnivore",513.1,"GRD",1406.25,"Weakly territorial",5.44117647058824
"44","LBLW",06:47:32.0,64.5166666666667,"Phylloscopus magnirostris","Large-billed Leaf Warbler","Passeriformes",-0.174607065385356,52.2166666666667,86.3333333333333,"Invertivore",11.6,"UND",3843.75,"Weakly territorial",5.9112426035503
"45","LEYE",07:07:38.0,84.6916666666667,"Picus chlorolophus","Lesser Yellownape","Piciformes",-0.0446598694054072,46.9125,144.775,"Invertivore",65.4,"CAN",2953.125,"Weakly territorial",5.20833333333333
"46","LISP",06:55:02.0,74.4666666666667,"Arachnothera longirostra","Little Spiderhunter","Passeriformes",0.249601135728872,44.0916666666667,104.383333333333,"Nectarivore",12.5,"MID",4406.25,"Weakly territorial",5.79487179487179
"47","MABA",06:36:06.0,56.3416666666667,"Psilopogon malabaricus","Malabar Barbet","Piciformes",-0.275641459162829,48.0625,79.8625,"Frugivore",37.6,"CAN",750,"Weakly territorial",5.56875
"48","MATR",07:00:47.0,74,"Harpactes fasciatus","Malabar Trogon","Trogoniformes",0.11186307190562,47.3666666666667,147.166666666667,"Invertivore",62,"MID",1406.25,"Weakly territorial",5.80487804878049
"49","MAWO",07:38:17.0,113.2,"Tephrodornis sylvicola","Malabar Woodshrike","Passeriformes",0.0680702770650523,74.7583333333333,167.975,"Invertivore",37.8,"CAN",2250,"Weakly territorial",5.46666666666667
"50","MIPI",06:31:35.0,53.1333333333333,"Ducula badia","Mountain Imperial-Pigeon","Columbiformes",-0.158033389880354,36.0666666666667,75.5833333333333,"Frugivore",486,"CAN",281.25,"Non-territorial",6
"51","MWTH",05:55:00.5,14.075,"Myophonus horsfieldii","Malabar Whistling-Thrush","Passeriformes",0.111326109446976,7.84166666666667,18.0958333333333,"Aquatic predator",117,"GRD",1687.5,"Weakly territorial",5.728
"52","NIFL",07:02:31.5,74.8833333333333,"Eumyias albicaudatus","Nilgiri Flycatcher","Passeriformes",0.0653706129069495,51.3625,118.2625,"Invertivore",16.4,"CAN",3140.625,"Weakly territorial",6.40909090909091
"53","NIFP",06:13:11.0,31.7333333333333,"Dicaeum concolor","Nilgiri Flowerpecker","Passeriformes",-0.160898239859801,27.1833333333333,41.4,"Omnivore",6.2,"CAN",7312.5,"Non-territorial",5.68312757201646
"54","OHTH",06:08:34.0,26.0666666666667,"Geokichla citrina","Orange-headed Thrush","Passeriformes",0.0708614784268488,19.7,49.5,"Omnivore",53.3,"GRD",2718.75,"Weakly territorial",5.86666666666667
"55","OMRO",07:30:30.0,102.483333333333,"Copsychus saularis","Oriental Magpie-Robin","Passeriformes",0.242596525722813,75.6916666666667,147.4,"Invertivore",36,"GRD",4875,"Highly territorial",5
"56","ORMI",07:20:43.0,95.55,"Pericrocotus flammeus","Orange Minivet","Passeriformes",0.139913039010826,63.65,149.6,"Invertivore",23.3,"CAN",5156.25,"Weakly territorial",5.46892655367232
"57","PTBA",06:15:08.0,33.4166666666667,"Pellorneum ruficeps","Puff-throated Babbler","Passeriformes",0.0772319602211519,28.5166666666667,39.9666666666667,"Invertivore",26,"GRD",2812.5,"Highly territorial",5.75586854460094
"58","PUSU",07:12:28.0,92.9333333333333,"Cinnyris asiaticus","Purple Sunbird","Passeriformes",-0.074058868325264,66.4333333333333,160.183333333333,"Omnivore",8.1,"MID",6375,"Weakly territorial",6
"59","RESP",06:21:09.0,41.0666666666667,"Galloperdix spadicea","Red Spurfowl","Galliformes",-0.263846728194131,35.2666666666667,48.3666666666667,"Omnivore",359.1,"GRD",1781.25,"Highly territorial",5.45405405405405
"60","RTFL",07:30:27.0,103.983333333333,"Ficedula ruficauda","Rusty-tailed Flycatcher","Passeriformes",-0.0590174222336853,78.75,154.333333333333,"Invertivore",13.3,"CAN",3187.5,"Weakly territorial",6.0655737704918
"61","RUBA",07:15:20.0,110.55,"Argya subrufa","Rufous Babbler","Passeriformes",-0.244151469500239,68.2666666666667,162.291666666667,"Invertivore",66.7,"UND",3281.25,"Highly territorial",5.03703703703704
"62","RUWO",06:29:29.0,56.2583333333333,"Micropternus brachyurus","Rufous Woodpecker","Piciformes",-0.11567497731367,44.5625,77.7166666666667,"Invertivore",85.9,"MID",2812.5,"Highly territorial",5.38888888888889
"63","RWBU",06:06:49.5,26.4,"Pycnonotus jocosus","Red-whiskered Bulbul","Passeriformes",-0.0535772624032965,20.4208333333333,38.3541666666667,"Omnivore",29.5,"MID",2718.75,"Weakly territorial",5.37244897959184
"64","SHIK",06:45:11.0,69.5166666666667,"Accipiter badius","Shikra","Accipitriformes",0.292232899325407,46.1458333333333,129.083333333333,"Vertivore",131.2,"MID",3421.875,"Weakly territorial",5.97368421052632
"65","SHMY",06:08:44.0,27.3333333333333,"Gracula indica","Southern Hill Myna","Passeriformes",-0.155226923704946,21.8666666666667,43.6666666666667,"Frugivore",192,"CAN",3281.25,"Non-territorial",5.65502183406114
"66","SMMI",07:42:30.5,118.766666666667,"Pericrocotus cinnamomeus","Small Minivet","Passeriformes",0.000574001181897727,67.5708333333333,164.05,"Invertivore",8.6,"CAN",7218.75,"Weakly territorial",5.48076923076923
"67","SPPI",06:13:03.0,30.5333333333333,"Picumnus innominatus","Speckled Piculet","Piciformes",-0.0259295836833609,24.0375,67.8166666666667,"Invertivore",10.2,"CAN",8718.75,"Highly territorial",5.87179487179487
"68","STBU",06:23:35.0,44.2666666666667,"Hypsipetes ganeesa","Square-tailed Bulbul","Passeriformes",-0.086912769351234,27.6083333333333,57.9333333333333,"Frugivore",51.8,"CAN",3093.75,"Weakly territorial",5.72767857142857
"69","STWO",06:48:08.0,73.2833333333333,"Picus xanthopygaeus","Streak-throated Woodpecker","Piciformes",-0.18543927099208,49.4583333333333,99.5166666666667,"Invertivore",99.7,"MID",3468.75,"Weakly territorial",5.52173913043478
"70","VFNU",06:27:26.5,46.4583333333333,"Sitta frontalis","Velvet-fronted Nuthatch","Passeriformes",-0.202549393545814,38.1166666666667,74.3916666666667,"Invertivore",16.5,"MID",6093.75,"Weakly territorial",5.84615384615385
"71","WBBF",06:16:58.0,33.1166666666667,"Cyornis pallidipes","White-bellied Blue Flycatcher","Passeriformes",0.127721246524794,16.15,72.9,"Invertivore",19,"UND",4875,"Weakly territorial",5.87581699346405
"72","WBTR",07:01:14.0,78.7333333333333,"Dendrocitta leucogastra","White-bellied Treepie","Passeriformes",0.166904170024424,50.2041666666667,126.3625,"Omnivore",99.2,"CAN",1921.875,"Highly territorial",5.43243243243243
"73","WBWO",06:45:27.0,69.4166666666667,"Dryocopus javensis","White-bellied Woodpecker","Piciformes",-0.0435309485572716,51.125,112.775,"Invertivore",271.4,"CAN",2437.5,"Highly territorial",5.56862745098039
"74","WCBA",06:08:03.0,26.35,"Psilopogon viridis","White-cheeked Barbet","Piciformes",0.015285762433253,23.25,29.1666666666667,"Frugivore",80.5,"CAN",1218.75,"Weakly territorial",5.68571428571429
"75","WTKI",06:47:57.0,67.6,"Halcyon smyrnensis","White-throated Kingfisher","Coraciiformes",0.175075986277453,39.95,117.345833333333,"Omnivore",91.4,"AQU",2906.25,"Weakly territorial",5.25
"76","YBBU",06:08:29.0,26.3583333333333,"Iole indica","Yellow-browed Bulbul","Passeriformes",0.0875112569514971,20.1666666666667,35.825,"Omnivore",30.6,"MID",2437.5,"Weakly territorial",5.72314049586777
